,dataset,processing_times,taillard_LB,taillard_UB,initial_solution,initial_cost,best_solution,best_cost,time,Number of nodes visited
0,testdata_nj_6,"[[39, 34, 22, 23, 28], [30, 10, 24, 27, 20], [30, 16, 13, 46, 28], [36, 30, 34, 48, 35], [34, 38, 40, 15, 34], [46, 19, 40, 15, 34]]",,,"[3, 5, 2, 4, 1, 0]",327.0,"[3, 5, 2, 4, 1, 0]",327.0,0.4694399833679199,1237
1,testdata_nj_7,"[[45, 26, 33, 29, 29], [31, 13, 41, 41, 49], [27, 31, 28, 43, 35], [46, 35, 10, 33, 30], [14, 47, 47, 44, 24], [39, 41, 29, 41, 33], [44, 48, 20, 46, 44]]",,,"[2, 1, 4, 0, 6, 3, 5]",400.0,"[2, 1, 4, 0, 6, 3, 5]",400.0,1.2903227806091309,8660
2,testdata_nj_8,"[[14, 33, 42, 19, 28], [14, 32, 29, 12, 28], [45, 29, 46, 13, 35], [29, 35, 32, 38, 35], [23, 35, 29, 36, 25], [14, 22, 15, 36, 12], [40, 26, 36, 43, 15], [36, 17, 42, 46, 24]]",,,"[0, 4, 3, 7, 1, 6, 2, 5]",366.0,"[1, 7, 4, 3, 0, 6, 2, 5]",365.0,13.634554386138916,69281
3,testdata_nj_9,"[[30, 49, 47, 31, 31], [28, 46, 35, 28, 30], [21, 48, 18, 44, 17], [41, 18, 48, 32, 41], [27, 26, 37, 41, 18], [11, 23, 38, 16, 18], [21, 18, 10, 27, 28], [19, 24, 43, 16, 30], [29, 33, 41, 28, 17]]",,,"[7, 6, 4, 2, 3, 0, 1, 8, 5]",403.0,"[5, 7, 6, 2, 3, 4, 1, 0, 8]",396.0,122.59778618812561,623530
4,testdata_nj_10,"[[37, 42, 20, 47, 27], [12, 28, 14, 13, 49], [22, 25, 29, 35, 41], [22, 23, 40, 46, 30], [15, 27, 45, 14, 10], [30, 12, 26, 28, 22], [47, 42, 45, 33, 12], [48, 22, 29, 16, 32], [49, 37, 34, 17, 18], [25, 19, 43, 11, 32]]",,,"[1, 9, 2, 3, 0, 6, 8, 7, 5, 4]",410.0,"[9, 2, 3, 1, 6, 0, 8, 7, 5, 4]",409.0,1349.9917936325073,6235301
